Product Name,2021-10-17,2021-10-18,2021-10-19,2021-10-20,2021-10-21,2021-10-22,2021-10-23,2021-10-24,2021-10-25,2021-10-26,2021-10-27,2021-10-28,2021-10-29,2021-10-30,2021-10-31,2021-11-01,2021-11-03,2021-11-04,2021-11-05,2021-11-06,2021-11-07,2021-11-08,2021-11-13,2021-11-14,2021-11-15,2021-11-16,2021-11-17,2021-11-18,2021-11-19,2021-11-20,2021-11-21,2021-11-22,2021-11-23,2021-11-24,2021-11-25,2021-11-26,2021-11-27,2021-11-28,2021-11-29,2021-12-30,2021-12-01,2021-12-02,2021-12-03,2021-12-04,2021-12-05,2021-12-06,2021-12-09,2021-12-10,2021-12-11,2021-12-13,2021-12-14,2021-12-15,2021-12-18,2021-12-19,2021-12-20,2021-12-21,2021-12-22
PnP UHT Full Cream Milk 1l x 6,79.99,74.34,79.99,74.34,79.99,79.99,79.99,79.99,79.99,79.99,79.99,79.99,79.99,79.99,79.99,79.99,79.99,79.99,79.99,79.99,79.99,79.99,79.99,79.99,74.33,79.99,79.99,79.99,79.99,79.99,79.99,79.99,79.99,79.99,79.99,79.99,79.99,79.99,79.99,79.99,79.99,79.99,79.99,79.99,79.99,79.99,79.99,79.99,79.99,74.35,79.99,79.99,79.99,79.99,79.99,79.99,79.99
Sasko Premium Brown Sliced Bread 700g,13.49,13.49,13.49,13.49,13.49,13.49,13.49,13.49,13.49,13.49,13.49,13.49,13.49,13.49,,13.49,13.49,13.49,13.49,13.49,13.49,13.49,13.49,13.49,13.49,13.49,13.49,13.49,13.49,13.49,13.49,13.49,13.49,13.49,13.49,13.49,13.49,13.49,13.49,13.49,13.49,13.49,13.49,13.49,13.49,,13.49,13.49,13.49,13.49,13.49,13.49,13.49,13.49,13.49,13.49,13.49
Jacobs Kronung Instant Coffee 200g,116.99,116.99,116.99,82.57,116.99,116.99,116.99,116.99,116.99,116.99,116.99,116.99,116.99,116.99,116.99,116.99,116.99,116.99,116.99,116.99,116.99,116.99,116.99,116.99,82.57,116.99,116.99,116.99,116.99,116.99,116.99,116.99,116.99,116.99,87.99,87.99,87.99,87.99,87.99,87.99,87.99,87.99,87.99,87.99,87.99,82.57,82.57,116.99,116.99,82.57,116.99,116.99,116.99,116.99,116.99,116.99,116.99
PnP Chicken Viennas 1kg,89.99,89.99,89.99,89.99,89.99,89.99,82.99,82.99,82.99,82.99,82.99,82.99,82.99,82.99,82.99,82.99,,82.99,82.99,82.99,82.99,82.99,82.99,82.99,82.99,82.99,82.99,82.99,82.99,82.99,82.99,89.99,89.99,89.99,89.99,89.99,89.99,89.99,89.99,89.99,89.99,89.99,89.99,89.99,89.99,89.99,89.99,89.99,89.99,89.99,89.99,89.99,89.99,89.99,89.99,89.99,89.99
PnP Avocado 4s,55.99,55.99,55.99,44.44,59.99,59.99,59.99,59.99,59.99,59.99,59.99,59.99,59.99,59.99,59.99,59.99,59.99,59.99,59.99,59.99,59.99,59.99,59.99,44.44,44.44,74.99,74.99,69.99,69.99,69.99,69.99,69.99,69.99,69.99,69.99,69.99,69.99,69.99,69.99,69.99,69.99,69.99,69.99,69.99,69.99,69.99,69.99,69.99,69.99,69.99,69.99,69.99,69.99,69.99,69.99,69.99,69.99
PnP English Tomatoes 1kg,24.99,18.74,21.99,21.99,21.99,21.99,21.99,21.99,21.99,21.99,21.99,21.99,21.99,21.99,21.99,21.99,21.99,21.99,21.99,21.99,21.99,21.99,21.99,21.99,18.74,18.74,19.99,19.99,19.99,19.99,19.99,18.99,18.99,18.99,18.99,18.99,18.99,18.99,18.99,18.99,18.99,18.99,18.99,18.99,18.99,18.74,23.99,23.99,18.74,,24.99,24.99,,,24.99,24.99,24.99
PnP Onions 2kg,29.99,29.99,29.99,29.99,29.99,29.99,29.99,29.99,29.99,29.99,29.99,29.99,29.99,29.99,29.99,29.99,29.99,29.99,29.99,29.99,29.99,29.99,29.99,29.99,29.99,29.99,29.99,29.99,28.99,28.99,28.99,28.99,28.99,28.99,28.99,28.99,28.99,28.99,28.99,28.99,28.99,28.99,28.99,28.99,28.99,23.95,29.99,29.99,29.99,23.95,29.99,29.99,29.99,29.99,29.99,29.99,29.99
PnP Carrots 1kg,12.99,12.99,12.99,12.99,12.99,12.99,12.99,12.99,12.99,12.99,12.99,12.99,12.99,12.99,12.99,12.99,12.99,12.99,12.99,11.99,11.99,11.99,11.99,11.99,11.99,11.99,11.99,11.99,11.99,11.99,11.99,12.99,12.99,12.99,12.99,12.99,12.99,12.99,12.99,12.99,12.99,12.99,12.99,12.99,12.99,12.99,12.99,12.99,12.99,12.99,12.99,12.99,12.99,12.99,12.99,12.99,12.99
PnP Potatoes 7kg,94.99,94.99,94.99,61.0,84.99,84.99,84.99,84.99,79.99,79.99,79.99,79.99,79.99,79.99,61.0,69.99,69.99,69.99,69.99,69.99,69.99,69.99,59.99,61.0,61.0,54.99,54.99,49.99,49.99,49.99,49.99,49.99,49.99,49.99,49.99,49.99,49.99,49.99,49.99,49.99,49.99,49.99,49.99,49.99,49.99,49.99,59.99,59.99,59.99,61.0,61.0,59.99,59.99,59.99,59.99,59.99,59.99
Danone Nutriday Smooth Low Fat Vanilla Yoghurt 6x100g,18.99,18.99,18.99,18.99,18.99,18.99,18.99,18.99,18.99,18.99,18.99,18.99,18.99,18.99,18.99,18.99,18.99,18.99,18.99,18.99,18.99,18.99,18.99,18.99,18.99,18.99,18.99,18.99,18.99,18.99,18.99,18.99,18.99,18.99,18.99,18.99,18.99,18.99,18.99,18.99,18.99,18.99,18.99,18.99,18.99,18.99,18.99,18.99,18.99,18.99,18.99,18.99,17.49,17.49,17.49,17.49,17.49
Flora Light 40% Fat Spread 500g,39.99,39.99,39.99,23.43,39.99,39.99,39.99,39.99,39.99,39.99,39.99,39.99,39.99,39.99,39.99,39.99,39.99,39.99,39.99,39.99,39.99,39.99,39.99,39.99,39.99,39.99,39.99,39.99,39.99,39.99,39.99,39.99,39.99,39.99,39.99,39.99,39.99,39.99,39.99,39.99,39.99,39.99,39.99,39.99,39.99,39.99,39.99,39.99,39.99,39.99,39.99,39.99,39.99,39.99,39.99,39.99,23.43
Powerade Jagged Ice Sports Drink 500ml x 6,69.99,69.99,69.99,69.99,69.99,69.99,69.99,69.99,69.99,69.99,69.99,69.99,69.99,69.99,69.99,69.99,69.99,69.99,69.99,75.99,73.99,73.99,73.99,73.99,66.99,66.99,73.99,73.99,73.99,73.99,73.99,73.99,73.99,73.99,73.99,73.99,73.99,73.99,73.99,73.99,73.99,73.99,73.99,73.99,73.99,73.99,73.99,73.99,73.99,73.99,73.99,73.99,73.99,73.99,73.99,73.99,73.99
Liqui-fruit Clear Apple Fruit Juice Blend 1l,25.99,25.99,25.99,25.99,25.99,25.99,25.99,25.99,25.99,25.99,25.99,25.99,25.99,25.99,25.99,25.99,25.99,25.99,25.99,25.99,25.99,25.99,25.99,25.99,25.99,25.99,25.99,25.99,25.99,25.99,25.99,25.99,25.99,25.99,25.99,25.99,25.99,25.99,25.99,25.99,25.99,25.99,25.99,25.99,25.99,16.91,25.99,16.91,25.99,25.99,16.91,25.99,25.99,25.99,25.99,25.99,25.99
Coca-Cola 1l,15.99,15.99,15.99,15.99,15.99,15.99,15.99,15.99,14.99,14.99,14.99,14.99,14.99,14.99,14.99,14.99,14.99,14.99,14.99,14.99,14.99,14.99,14.99,14.99,14.99,14.99,14.99,14.99,14.99,14.99,14.99,14.99,14.99,14.99,14.99,14.99,14.99,14.99,14.99,14.99,14.99,14.99,14.99,14.99,14.99,14.99,14.99,14.99,14.99,14.99,14.99,14.99,14.99,14.99,14.99,14.99,10.97
Iwisa Maize Meal Super 2.5kg,28.99,28.99,28.99,28.99,28.99,28.99,28.99,28.99,28.99,28.99,28.99,28.99,28.99,28.99,28.99,28.99,28.99,28.99,28.99,28.99,28.99,26.99,26.99,26.99,26.99,26.99,26.99,26.99,26.99,26.99,26.99,27.99,27.99,27.99,27.99,27.99,27.99,27.99,27.99,27.99,27.99,27.99,27.99,27.99,27.99,27.99,27.99,27.99,27.99,27.99,27.99,27.99,27.99,27.99,27.99,27.99,27.99
Tastic Rice 2kg,35.99,35.99,35.99,35.99,35.99,35.99,35.99,35.99,35.99,35.99,35.99,35.99,35.99,35.99,35.99,35.99,35.99,35.99,35.99,35.99,35.99,35.99,35.99,35.99,35.99,35.99,35.99,35.99,35.99,35.99,35.99,35.99,35.99,35.99,35.99,35.99,35.99,35.99,35.99,35.99,35.99,35.99,35.99,35.99,35.99,31.8,31.8,,,,35.99,35.99,35.99,35.99,35.99,35.99,35.99
PnP Large Eggs 30s,64.99,64.99,64.99,64.99,64.99,64.99,64.99,64.99,53.99,53.99,53.99,53.99,53.99,53.99,53.99,53.99,53.99,53.99,53.99,53.99,53.99,64.99,64.99,64.99,64.99,64.99,64.99,64.99,64.99,64.99,64.99,64.99,64.99,64.99,44.0,52.99,52.99,52.99,64.99,64.99,64.99,64.99,64.99,64.99,64.99,44.0,64.99,64.99,64.99,,44.0,64.99,,,64.99,64.99,nan
Sunfoil Sunflower Oil 2l,74.99,80.19,74.99,74.99,74.99,74.99,74.99,74.99,74.99,74.99,74.99,74.99,74.99,74.99,74.99,74.99,74.99,74.99,74.99,74.99,74.99,74.99,74.99,74.99,74.99,74.99,74.99,74.99,74.99,74.99,74.99,74.99,74.99,74.99,74.99,74.99,74.99,74.99,74.99,74.99,74.99,74.99,74.99,74.99,74.99,74.99,74.99,74.99,74.99,80.19,74.99,74.99,74.99,74.99,74.99,74.99,74.99
PnP Whole Chicken - Avg Weight 1.2kg,114.15,114.15,114.15,114.15,114.15,114.15,114.15,114.15,114.15,114.15,114.15,114.15,114.15,114.15,114.15,114.15,114.15,114.15,114.15,114.15,114.15,114.15,114.15,114.15,114.15,114.15,114.15,114.15,114.15,114.15,114.15,114.15,114.15,114.15,114.15,114.15,114.15,114.15,114.15,114.15,114.15,114.15,114.15,114.15,114.15,114.15,114.15,114.15,114.15,90.93,90.93,90.93,90.93,90.93,90.93,90.93,90.93
Freshpak Rooibos Tagless Teabags 80s,41.99,30.39,41.99,30.39,30.39,46.99,46.99,46.99,46.99,46.99,46.99,46.99,46.99,46.99,46.99,46.99,44.99,44.99,44.99,44.99,44.99,44.99,39.99,39.99,30.39,30.39,39.99,39.99,39.99,39.99,39.99,39.99,39.99,39.99,39.99,39.99,39.99,39.99,39.99,39.99,39.99,39.99,39.99,39.99,39.99,39.99,39.99,39.99,39.99,30.39,39.99,39.99,39.99,39.99,30.39,39.99,39.99
PnP Chocolate Brownie Flavoured Ice Cream 2l,88.99,88.99,88.99,88.99,88.99,88.99,88.99,88.99,88.99,88.99,88.99,88.99,84.99,84.99,84.99,84.99,84.99,84.99,84.99,84.99,84.99,59.99,59.99,59.99,59.99,59.99,59.99,84.99,84.99,84.99,84.99,84.99,84.99,84.99,84.99,84.99,84.99,84.99,84.99,84.99,84.99,84.99,84.99,84.99,84.99,84.99,84.99,84.99,84.99,84.99,84.99,84.99,84.99,84.99,84.99,84.99,84.99
Kellogg's Corn Flakes 750g,58.99,58.99,58.99,58.99,58.99,58.99,58.99,58.99,58.99,58.99,58.99,58.99,58.99,58.99,42.61,57.99,57.99,57.99,57.99,57.99,57.99,57.99,57.99,57.99,57.99,57.99,57.99,57.99,57.99,57.99,57.99,58.99,58.99,58.99,58.99,58.99,58.99,58.99,57.99,57.99,57.99,57.99,57.99,57.99,57.99,57.99,57.99,57.99,57.99,57.99,57.99,42.61,57.99,57.99,57.99,57.99,42.61
Koo Baked Beans in Tomato Sauce 410g,12.99,12.99,12.99,11.99,12.99,12.99,12.99,12.99,12.99,12.99,12.99,12.99,12.99,12.99,12.99,12.99,12.99,12.99,12.99,12.99,12.99,12.99,12.99,12.99,12.99,12.99,12.99,12.99,12.99,12.99,12.99,12.99,12.99,12.99,12.99,12.99,12.99,12.99,12.99,12.99,12.99,12.99,12.99,12.99,12.99,12.99,12.99,12.99,12.99,12.99,12.99,12.99,12.99,12.99,12.99,12.99,12.99
Dettol Soap Cooling 175g,,,,,,,,,,,,,,,,,,,,,,,,,,,12.99,12.99,12.99,12.99,12.99,12.99,12.99,12.99,12.99,12.99,12.99,12.99,12.99,12.99,12.99,,,,,,,,,,12.99,,12.99,12.99,12.99,12.99,12.99
Johnson's Baby Soap 175g,,,,,,,,,,,,,,,,,,,,,,,,,,,18.99,18.99,18.99,18.99,18.99,18.99,18.99,18.99,18.99,18.99,18.99,18.99,18.99,18.99,18.99,18.99,18.99,18.99,18.99,,18.99,18.99,18.99,18.99,18.99,18.99,18.99,18.99,18.99,18.99,18.99
Tetmosal 5% Soap,,,,,,,,,,,,,,,,,,,,,,,,,,,27.99,27.99,27.99,27.99,27.99,27.99,27.99,27.99,27.99,27.99,27.99,27.99,27.99,27.99,27.99,27.99,27.99,27.99,27.99,27.99,27.99,27.99,27.99,27.99,27.99,27.99,27.99,27.99,27.99,27.99,27.99
Cobra Paste White 875ml,,,,,,,,,,,,,,,,,,,,,,,,,,,95.99,95.99,95.99,95.99,95.99,95.99,95.99,95.99,95.99,95.99,95.99,95.99,95.99,95.99,95.99,95.99,95.99,95.99,95.99,95.99,95.99,95.99,95.99,95.99,95.99,95.99,95.99,95.99,95.99,95.99,95.99
Fatti's & Moni's Pasta Screws 500g,,,,,,,,,,,,,,,,,,,,,,,,,,,24.99,24.99,24.99,24.99,24.99,21.99,21.99,21.99,21.99,21.99,21.99,21.99,21.99,21.99,21.99,21.99,21.99,21.99,21.99,21.99,22.99,22.99,22.99,22.99,22.99,22.99,22.99,22.99,22.99,22.99,22.99
Aquafresh Big Teeth Paste 50ml,,,,,,,,,,,,,,,,,,,,,,,,,,,17.99,17.99,17.99,17.99,17.99,17.99,17.99,17.99,17.99,17.99,17.99,17.99,17.99,17.99,17.99,17.99,17.99,17.99,17.99,17.99,17.99,17.99,17.99,17.99,17.99,17.99,17.99,17.99,17.99,17.99,17.99
Kiwi Paste Shoe Polish Black 50ml,,,,,,,,,,,,,,,,,,,,,,,,,,,17.99,17.99,17.99,17.99,17.99,17.99,17.99,17.99,17.99,17.99,17.99,17.99,17.99,17.99,17.99,17.99,17.99,17.99,17.99,17.99,17.99,17.99,17.99,17.99,17.99,17.99,17.99,17.99,17.99,17.99,11.94
Head & Shoulders Shampoo Sooth Care 400ml,,,,,,,,,,,,,,,,,,,,,,,,,,,99.99,99.99,99.99,99.99,99.99,99.99,99.99,99.99,69.1,69.1,69.1,69.1,99.99,99.99,99.99,99.99,99.99,99.99,99.99,99.99,99.99,99.99,99.99,99.99,99.99,99.99,99.99,99.99,99.99,99.99,99.99
Vaseline Body Lotion Aloe Soothe 400ml,,,,,,,,,,,,,,,,,,,,,,,,,,,46.99,46.99,46.99,46.99,46.99,46.99,46.99,46.99,32.89,32.89,32.89,32.89,32.89,32.89,32.89,46.99,46.99,46.99,46.99,46.99,46.99,46.99,32.89,34.29,48.99,48.99,48.99,48.99,48.99,48.99,48.99
Serena Linguine Pasta 500g,,,,,,,,,,,,,,,,,,,,,,,,,,,26.99,26.99,26.99,26.99,26.99,26.99,26.99,26.99,26.99,26.99,26.99,26.99,26.99,26.99,26.99,26.99,26.99,26.99,26.99,18.0,29.99,29.99,29.99,29.99,29.99,29.99,29.99,29.99,29.99,29.99,29.99
Colgate Herbal Toothpaste 100ml,,,,,,,,,,,,,,,,,,,,,,,,,,,20.99,20.99,20.99,20.99,20.99,20.99,20.99,20.99,20.99,20.99,20.99,20.99,20.99,20.99,20.99,20.99,20.99,20.99,20.99,20.99,20.99,20.99,20.99,14.61,20.99,20.99,20.99,20.99,20.99,20.99,20.99
Colgate Max White Toothpaste 75ml,,,,,,,,,,,,,,,,,,,,,,,,,,,41.99,41.99,41.99,41.99,41.99,41.99,41.99,41.99,41.99,41.99,41.99,41.99,41.99,41.99,41.99,41.99,41.99,41.99,41.99,41.99,41.99,41.99,41.99,41.99,41.99,41.99,41.99,41.99,41.99,41.99,41.99
"Colgate Herbal White, Whitening Toothpaste 100ml",,,,,,,,,,,,,,,,,,,,,,,,,,,20.99,20.99,20.99,20.99,20.99,20.99,20.99,20.99,20.99,20.99,20.99,20.99,20.99,20.99,20.99,20.99,20.99,20.99,20.99,20.99,20.99,20.99,20.99,14.61,20.99,20.99,20.99,20.99,,20.99,nan
Colgate Active Salt Antigerm Toothpaste 75ml,,,,,,,,,,,,,,,,,,,,,,,,,,,15.99,15.99,15.99,15.99,15.99,15.99,15.99,15.99,15.99,15.99,15.99,15.99,15.99,15.99,15.99,15.99,15.99,,,11.12,15.99,15.99,15.99,15.99,15.99,15.99,15.99,15.99,15.99,15.99,15.99
Twinsaver Facial Tissue White 180s,,,,,,,,,,,,,,,,,,,,,,,,,,,29.99,29.99,29.99,29.99,29.99,29.99,29.99,29.99,29.99,29.99,29.99,29.99,29.99,29.99,29.99,29.99,29.99,29.99,29.99,29.99,29.99,29.99,29.99,29.99,29.99,29.99,29.99,29.99,29.99,29.99,29.99
Twinsaver Facial Tissue Summer 120ea,,,,,,,,,,,,,,,,,,,,,,,,,,,31.99,31.99,31.99,31.99,31.99,32.99,32.99,32.99,32.99,32.99,32.99,32.99,32.99,32.99,32.99,32.99,32.99,32.99,32.99,32.99,32.99,,,32.99,32.99,32.99,,,,,nan
Duracell Alkaline Batteries Plus Power 9V,,,,,,,,,,,,,,,,,,,,,,,,,,,84.99,84.99,84.99,84.99,84.99,84.99,84.99,84.99,84.99,84.99,84.99,84.99,84.99,84.99,84.99,84.99,84.99,84.99,84.99,84.99,84.99,84.99,84.99,84.99,84.99,84.99,84.99,84.99,84.99,84.99,84.99
Ouma Plain Rusk Sliced 450g,,,,,,,,,,,,,,,,,,,,,,,,,,,47.99,47.99,47.99,47.99,47.99,47.99,47.99,47.99,47.99,47.99,47.99,47.99,47.99,47.99,47.99,47.99,47.99,47.99,47.99,47.99,47.99,47.99,47.99,47.99,47.99,47.99,47.99,47.99,47.99,47.99,47.99
Domestos Multipurpose Thick Bleach Lavender Blast 750ml,,,,,,,,,,,,,,,,,,,,,,,,,,,21.99,33.99,33.99,33.99,33.99,33.99,33.99,33.99,33.99,33.99,33.99,33.99,18.99,18.99,18.99,18.99,18.99,18.99,18.99,24.25,33.99,33.99,24.25,24.25,34.99,34.99,34.99,34.99,34.99,34.99,34.99
Nestle Nido 3+ Pre-School Milk Honey 900g,,,,,,,,,,,,,,,,,,,,,,,,,,,164.99,164.99,164.99,164.99,164.99,164.99,164.99,164.99,164.99,164.99,164.99,164.99,164.99,164.99,164.99,164.99,164.99,164.99,164.99,164.99,164.99,,,,,164.99,164.99,164.99,164.99,164.99,164.99
Fry's Traditional-Style Vegetarian Burger 320g,,,,,,,,,,,,,,,,,,,,,,,,,,,42.99,54.99,54.99,54.99,54.99,54.99,54.99,54.99,54.99,54.99,54.99,54.99,54.99,54.99,54.99,54.99,54.99,54.99,54.99,54.99,54.99,54.99,54.99,33.67,54.99,54.99,54.99,54.99,54.99,54.99,54.99
Pineware Steam & Spray Iron Psi60,,,,,,,,,,,,,,,,,,,,,,,,,,,152.91,152.91,152.91,152.91,152.91,152.91,152.91,152.91,152.91,152.91,152.91,152.91,152.91,152.91,152.91,152.91,152.91,152.91,152.91,152.91,152.91,152.91,152.91,152.91,152.91,152.91,152.91,152.91,152.91,152.91,152.91
Mellerware Kettle Corded 1.7l Plastic Black,,,,,,,,,,,,,,,,,,,,,,,,,,,99.0,99.0,99.0,99.0,99.0,99.0,99.0,99.0,99.0,99.0,99.0,99.0,99.0,99.0,99.0,99.0,99.0,99.0,99.0,149.0,149.0,149.0,149.0,149.0,149.0,149.0,149.0,149.0,149.0,149.0,119.97
Top One Corned Meat 300g,,,,,,,,,,,,,,,,,,,,,,,,,,,25.99,25.99,25.99,25.99,25.99,25.99,25.99,25.99,25.99,25.99,25.99,25.99,25.99,25.99,25.99,25.99,25.99,25.99,25.99,25.99,25.99,25.99,25.99,25.99,25.99,25.99,25.99,25.99,25.99,25.99,25.99
Deep Heat Ointment Rub 75g,,,,,,,,,,,,,,,,,,,,,,,,,,,79.45,79.45,79.45,79.45,79.45,79.45,79.45,79.45,79.45,79.45,79.45,79.45,79.45,79.45,79.45,79.45,79.45,79.45,79.45,79.45,79.45,79.45,79.45,79.45,79.45,79.45,79.45,79.45,79.45,79.45,79.45
Impala Special Maize Meal 2.5kg,,,,,,,,,,,,,,,,,,,,,,,,,,,23.99,23.99,23.99,23.99,23.99,24.99,24.99,24.99,24.99,24.99,24.99,24.99,24.99,24.99,24.99,24.99,24.99,24.99,24.99,24.99,24.99,,,,24.99,24.99,24.99,24.99,24.99,24.99,24.99
Iwisa Maize Meal Super 2.5kg,,,,,,,,,,,,,,,,,,,,,,,,,,,26.99,26.99,26.99,26.99,26.99,27.99,27.99,27.99,27.99,27.99,27.99,27.99,27.99,27.99,27.99,27.99,27.99,27.99,27.99,27.99,27.99,27.99,27.99,27.99,27.99,27.99,27.99,27.99,27.99,27.99,27.99
